City_ID,City,Country,Date,Lat,Lng,Max Temp,Humidity,Cloudiness,Wind Speed,Description
0,Ushuaia,AR,2022-02-13 20:53:16,-54.8,-68.3,40.66,81,100,39.12,moderate rain
1,Magadan,RU,2022-02-13 20:53:16,59.5667,150.8,-5.19,67,40,9.64,scattered clouds
2,Kavieng,PG,2022-02-13 20:53:17,-2.5744,150.7967,81.09,78,97,6.31,overcast clouds
3,Kapaa,US,2022-02-13 20:53:17,22.0752,-159.319,76.12,69,59,1.99,broken clouds
4,Port Elizabeth,ZA,2022-02-13 20:53:17,-33.918,25.5701,70.09,78,0,11.5,clear sky
5,Seoul,KR,2022-02-13 20:51:30,37.5683,126.9778,27.79,87,0,3.44,clear sky
6,Krasnoselkup,RU,2022-02-13 20:53:18,65.7,82.4667,-0.96,92,72,13.27,broken clouds
7,Rikitea,PF,2022-02-13 20:53:18,-23.1203,-134.9692,78.46,72,83,11.5,light rain
8,Hobart,AU,2022-02-13 20:52:19,-42.8794,147.3294,62.02,81,75,11.5,broken clouds
9,Puerto Ayora,EC,2022-02-13 20:53:19,-0.7393,-90.3518,80.56,88,91,5.99,overcast clouds
10,Hithadhoo,MV,2022-02-13 20:53:19,-0.6,73.0833,81.81,75,77,9.44,broken clouds
11,Akureyri,IS,2022-02-13 20:53:20,65.6835,-18.0878,-2.27,84,0,0.0,clear sky
12,Altay,CN,2022-02-13 20:53:20,47.8667,88.1167,4.05,72,70,7.49,broken clouds
13,Barrow,US,2022-02-13 20:53:21,71.2906,-156.7887,-22.32,100,100,8.16,overcast clouds
14,Kodiak,US,2022-02-13 20:53:21,57.79,-152.4072,35.96,75,8,3.51,clear sky
15,Flinders,AU,2022-02-13 20:53:21,-34.5833,150.8552,70.38,79,100,4.0,overcast clouds
16,Mataura,NZ,2022-02-13 20:53:22,-46.1927,168.8643,54.48,87,24,1.99,few clouds
17,Lyubar,UA,2022-02-13 20:53:22,49.9204,27.7592,30.25,68,8,12.48,clear sky
18,Airai,TL,2022-02-13 20:53:23,-8.9266,125.4092,58.24,90,41,2.19,scattered clouds
19,Avera,US,2022-02-13 20:53:23,33.194,-82.5271,60.31,25,10,17.83,clear sky
20,Sitka,US,2022-02-13 20:53:23,57.0531,-135.33,39.42,90,100,5.93,light rain
21,Ostersund,SE,2022-02-13 20:52:28,63.1792,14.6357,36.05,87,100,11.5,overcast clouds
22,Esperance,AU,2022-02-13 20:53:24,-33.8667,121.9,57.04,75,6,10.2,clear sky
23,Pathein,MM,2022-02-13 20:53:24,16.7833,94.7333,62.67,82,50,5.93,scattered clouds
24,Kahului,US,2022-02-13 20:52:03,20.8947,-156.47,78.96,72,40,12.66,scattered clouds
25,Lieksa,FI,2022-02-13 20:53:25,63.3167,30.0167,31.86,98,100,13.49,light snow
26,Thompson,CA,2022-02-13 20:53:25,55.7435,-97.8558,-5.64,71,100,5.75,overcast clouds
27,Saskylakh,RU,2022-02-13 20:53:26,71.9167,114.0833,-17.19,87,28,2.98,scattered clouds
28,Kanker,IN,2022-02-13 20:53:26,20.2719,81.4931,56.82,28,7,2.55,clear sky
29,Tuktoyaktuk,CA,2022-02-13 20:53:27,69.4541,-133.0374,-32.8,68,75,3.44,broken clouds
30,Mglin,RU,2022-02-13 20:53:27,53.0591,32.8475,21.56,84,81,10.56,broken clouds
31,Siretel,RO,2022-02-13 20:53:28,47.4,26.7333,33.64,69,36,8.86,scattered clouds
32,Kaliua,TZ,2022-02-13 20:53:28,-5.0606,31.7936,66.02,95,100,3.94,light rain
33,Krasnokamensk,RU,2022-02-13 20:53:29,50.0979,118.0369,-23.26,100,93,3.27,overcast clouds
34,Vaini,TO,2022-02-13 20:53:29,-21.2,-175.2,82.56,83,40,9.22,scattered clouds
35,New Norfolk,AU,2022-02-13 20:53:29,-42.7826,147.0587,61.66,73,93,1.59,overcast clouds
36,Yenagoa,NG,2022-02-13 20:53:30,4.9247,6.2642,80.92,77,24,6.02,few clouds
37,Albany,US,2022-02-13 20:51:40,42.6001,-73.9662,26.02,52,100,4.0,overcast clouds
38,Ulaanbaatar,MN,2022-02-13 20:53:30,47.9077,106.8832,-20.07,76,40,2.24,scattered clouds
39,Nan,TH,2022-02-13 20:53:31,18.8333,100.6667,64.6,45,13,2.8,few clouds
40,Tiksi,RU,2022-02-13 20:53:31,71.6872,128.8694,-12.62,93,10,11.77,clear sky
41,Greymouth,NZ,2022-02-13 20:53:32,-42.4667,171.2,58.21,59,62,4.41,broken clouds
42,Qaanaaq,GL,2022-02-13 20:53:32,77.484,-69.3632,-7.01,86,100,3.96,overcast clouds
43,Busselton,AU,2022-02-13 20:53:33,-33.65,115.3333,63.05,77,0,11.48,clear sky
44,Mount Isa,AU,2022-02-13 20:53:33,-20.7333,139.5,71.37,94,25,1.14,scattered clouds
45,Cape Town,ZA,2022-02-13 20:49:18,-33.9258,18.4232,69.12,82,20,23.02,few clouds
46,Talnakh,RU,2022-02-13 20:53:34,69.4865,88.3972,-7.1,69,16,8.99,few clouds
47,Jamestown,US,2022-02-13 20:53:34,42.097,-79.2353,21.29,39,100,4.0,overcast clouds
48,Luderitz,NA,2022-02-13 20:53:35,-26.6481,15.1594,74.28,63,0,11.63,clear sky
49,Takoradi,GH,2022-02-13 20:53:35,4.8845,-1.7554,79.43,86,48,6.93,light rain
50,Lorengau,PG,2022-02-13 20:53:35,-2.0226,147.2712,80.6,79,100,2.42,overcast clouds
51,Cherskiy,RU,2022-02-13 20:53:36,68.75,161.3,-21.91,97,99,7.87,overcast clouds
52,Norman Wells,CA,2022-02-13 20:53:36,65.282,-126.8329,-11.16,64,75,9.22,broken clouds
53,Naryan-Mar,RU,2022-02-13 20:53:37,67.6713,53.087,-0.72,98,62,8.23,broken clouds
54,Saint-Philippe,RE,2022-02-13 20:53:37,-21.3585,55.7679,80.19,87,34,9.28,scattered clouds
55,San Patricio,US,2022-02-13 20:53:37,28.017,-97.5169,66.29,22,10,6.49,clear sky
56,Nalut,LY,2022-02-13 20:53:38,30.3333,10.85,55.17,27,29,11.18,scattered clouds
57,Portland,US,2022-02-13 20:53:38,45.5234,-122.6762,64.27,44,7,4.0,clear sky
58,Barwala,IN,2022-02-13 20:53:39,29.3833,75.9167,52.57,67,0,6.51,clear sky
59,Longyearbyen,SJ,2022-02-13 20:47:56,78.2186,15.6401,15.64,86,75,4.61,light snow
60,Chincha Alta,PE,2022-02-13 20:53:39,-13.4099,-76.1323,77.59,70,18,8.19,few clouds
61,East London,ZA,2022-02-13 20:53:40,-33.0153,27.9116,73.2,82,78,9.48,broken clouds
62,Yarada,IN,2022-02-13 20:53:40,17.65,83.2667,68.32,77,20,2.3,mist
63,Bambous Virieux,MU,2022-02-13 20:53:40,-20.3428,57.7575,81.21,89,40,8.05,scattered clouds
64,Punta Arenas,CL,2022-02-13 20:52:12,-53.15,-70.9167,50.11,50,40,31.07,scattered clouds
65,Provideniya,RU,2022-02-13 20:53:41,64.3833,-173.3,-5.69,65,0,4.47,clear sky
66,Katsuura,JP,2022-02-13 20:53:41,35.1333,140.3,38.1,97,100,29.44,overcast clouds
67,Shellbrook,CA,2022-02-13 20:53:42,53.2168,-106.4011,16.83,84,48,14.5,scattered clouds
68,Thaton,MM,2022-02-13 20:53:42,16.9206,97.3714,67.55,42,74,3.33,broken clouds
69,Taoudenni,ML,2022-02-13 20:53:43,22.6783,-3.9836,64.83,23,0,11.99,clear sky
70,Puerto Escondido,MX,2022-02-13 20:53:43,15.85,-97.0667,86.94,50,97,6.42,overcast clouds
71,Carlos Barbosa,BR,2022-02-13 20:53:43,-29.2975,-51.5036,71.17,97,72,4.09,broken clouds
72,Sioux Lookout,CA,2022-02-13 20:49:09,50.1001,-91.917,-2.13,50,75,6.91,broken clouds
73,Yellowknife,CA,2022-02-13 20:53:44,62.456,-114.3525,-9.58,66,20,4.61,few clouds
74,Tautira,PF,2022-02-13 20:53:44,-17.7333,-149.15,86.02,76,88,16.26,light rain
75,Korla,CN,2022-02-13 20:53:45,41.7597,86.1469,28.92,46,0,4.76,clear sky
76,Yerazgavors,AM,2022-02-13 20:53:45,40.7,43.75,16.57,73,100,1.14,overcast clouds
77,Avarua,CK,2022-02-13 20:50:12,-21.2078,-159.775,80.65,78,75,4.61,broken clouds
78,Vanatori,RO,2022-02-13 20:53:46,45.7333,27.25,34.43,66,100,7.14,overcast clouds
79,Kangaatsiaq,GL,2022-02-13 20:53:46,68.3065,-53.4641,-3.17,88,100,41.9,overcast clouds
80,Ilulissat,GL,2022-02-13 20:53:47,69.2167,-51.1,22.41,72,100,25.46,overcast clouds
81,Bluff,NZ,2022-02-13 20:53:47,-46.6,168.3333,54.81,79,9,4.0,clear sky
82,Bristol,US,2022-02-13 20:49:54,41.8334,-71.1662,31.59,90,100,4.0,snow
83,Kavaratti,IN,2022-02-13 20:53:48,10.5669,72.642,80.37,71,51,3.96,broken clouds
84,Grindavik,IS,2022-02-13 20:53:48,63.8424,-22.4338,28.87,86,75,8.05,light snow
85,Bengkulu,ID,2022-02-13 20:53:48,-3.8004,102.2655,75.96,89,99,3.49,overcast clouds
86,Isangel,VU,2022-02-13 20:53:49,-19.55,169.2667,80.71,94,40,2.3,volcanic ash
87,Plettenberg Bay,ZA,2022-02-13 20:53:49,-34.0527,23.3716,67.44,82,27,2.91,scattered clouds
88,Healdsburg,US,2022-02-13 20:50:55,38.6105,-122.8692,80.1,44,0,3.44,clear sky
89,Butaritari,KI,2022-02-13 20:53:50,3.0707,172.7902,81.81,76,46,13.06,light rain
90,Mahebourg,MU,2022-02-13 20:53:51,-20.4081,57.7,81.25,89,40,8.05,scattered clouds
91,Udachnyy,RU,2022-02-13 20:53:51,66.4167,112.4,-22.02,94,69,1.59,broken clouds
92,Antofagasta,CL,2022-02-13 20:53:51,-23.65,-70.4,72.21,65,81,10.18,broken clouds
93,Hermanus,ZA,2022-02-13 20:53:52,-34.4187,19.2345,66.79,83,47,17.2,light rain
94,Barcelos,PT,2022-02-13 20:53:52,41.5388,-8.6151,51.94,86,25,7.07,scattered clouds
95,Jalu,LY,2022-02-13 20:53:52,29.0331,21.5482,56.23,50,87,7.74,overcast clouds
96,Bethel,US,2022-02-13 20:51:19,41.3712,-73.414,31.05,67,100,9.22,overcast clouds
97,Haines Junction,CA,2022-02-13 20:53:53,60.7522,-137.5108,19.35,73,100,0.0,overcast clouds
98,Mar Del Plata,AR,2022-02-13 20:51:37,-38.0023,-57.5575,71.62,61,0,11.5,clear sky
99,Cloquet,US,2022-02-13 20:53:54,46.7216,-92.4594,10.38,43,100,1.99,overcast clouds
100,Port Alfred,ZA,2022-02-13 20:53:54,-33.5906,26.891,72.36,85,89,9.91,overcast clouds
101,Coahuayana,MX,2022-02-13 20:53:55,18.7333,-103.6833,96.28,34,93,7.47,overcast clouds
102,Atuona,PF,2022-02-13 20:53:55,-9.8,-139.0333,77.81,78,24,14.07,few clouds
103,Chokurdakh,RU,2022-02-13 20:51:39,70.6333,147.9167,-5.42,94,100,10.13,overcast clouds
104,Butembo,CD,2022-02-13 20:53:56,0.15,29.2833,63.05,61,72,3.29,broken clouds
105,Atasu,KZ,2022-02-13 20:53:56,48.6814,71.6433,25.59,96,100,12.15,light snow
106,Hasaki,JP,2022-02-13 20:53:56,35.7333,140.8333,36.0,89,100,32.35,light rain
107,Coquimbo,CL,2022-02-13 20:53:57,-29.9533,-71.3436,73.13,53,0,12.66,clear sky
108,Sheridan,US,2022-02-13 20:51:28,44.8333,-106.9173,52.18,29,0,14.97,clear sky
109,Castro,BR,2022-02-13 20:53:57,-24.7911,-50.0119,70.88,81,14,11.12,few clouds
110,Saldanha,ZA,2022-02-13 20:53:58,-33.0117,17.9442,69.85,92,0,21.39,clear sky
111,Lebu,CL,2022-02-13 20:53:58,-37.6167,-73.65,64.85,74,78,9.48,broken clouds
112,Matara,LK,2022-02-13 20:53:59,5.9485,80.5353,73.96,87,99,9.55,overcast clouds
113,Lynn Haven,US,2022-02-13 20:53:59,30.2455,-85.6483,61.97,37,16,8.99,few clouds
114,Alofi,NU,2022-02-13 20:53:59,-19.0595,-169.9187,82.29,74,40,10.36,scattered clouds
115,Rawson,AR,2022-02-13 20:54:00,-43.3002,-65.1023,88.18,22,0,20.51,clear sky
116,Ponta Do Sol,PT,2022-02-13 20:54:00,32.6667,-17.1,64.06,70,97,3.29,overcast clouds
117,Boddam,GB,2022-02-13 20:54:01,57.4667,-1.7833,42.39,90,100,12.48,light rain
118,Namibe,AO,2022-02-13 20:54:01,-15.1961,12.1522,75.36,80,100,0.83,overcast clouds
119,Ustye,RU,2022-02-13 20:54:01,59.6304,39.736,29.1,96,100,10.31,snow
120,Petatlan,MX,2022-02-13 20:54:02,17.5167,-101.2667,88.61,39,100,6.78,overcast clouds
121,Hay River,CA,2022-02-13 20:54:02,60.8156,-115.7999,-11.22,70,75,2.3,broken clouds
122,Marsa Matruh,EG,2022-02-13 20:54:03,31.3525,27.2453,57.4,67,20,8.05,few clouds
123,Ribeira Grande,PT,2022-02-13 20:54:03,38.5167,-28.7,57.6,67,40,5.75,scattered clouds
124,Cockburn Town,TC,2022-02-13 20:52:04,21.4612,-71.1419,77.86,78,0,14.23,clear sky
125,Polson,US,2022-02-13 20:54:04,47.6936,-114.1632,44.49,66,69,1.32,broken clouds
126,Rocha,UY,2022-02-13 20:54:04,-34.4833,-54.3333,66.2,57,3,12.88,clear sky
127,Olafsvik,IS,2022-02-13 20:54:05,64.8945,-23.7142,30.92,88,100,8.3,snow
128,Clyde River,CA,2022-02-13 20:54:05,70.4692,-68.5914,-23.57,69,75,16.11,broken clouds
129,Valle De Allende,MX,2022-02-13 20:54:05,26.9333,-105.4,58.87,16,100,6.78,overcast clouds
130,Lagoa,PT,2022-02-13 20:54:06,39.05,-27.9833,56.62,61,81,7.2,broken clouds
131,Rio Verde De Mato Grosso,BR,2022-02-13 20:54:06,-18.9181,-54.8442,86.86,60,78,3.06,broken clouds
132,Nikolskoye,RU,2022-02-13 20:54:07,59.7035,30.7861,33.87,89,100,13.02,overcast clouds
133,Port Macquarie,AU,2022-02-13 20:54:07,-31.4333,152.9167,64.89,78,81,0.72,broken clouds
134,Tsabong,BW,2022-02-13 20:54:07,-26.0217,22.401,82.83,25,61,8.61,broken clouds
135,Saint George,US,2022-02-13 20:52:29,37.1041,-113.5841,70.54,16,0,3.0,clear sky
136,Te Anau,NZ,2022-02-13 20:50:07,-45.4167,167.7167,51.93,77,35,1.34,scattered clouds
137,Kitgum,UG,2022-02-13 20:54:08,3.2783,32.8867,78.71,33,100,3.38,overcast clouds
138,Lhokseumawe,ID,2022-02-13 20:54:09,5.1801,97.1507,77.04,81,16,2.93,few clouds
139,Manokwari,ID,2022-02-13 20:54:09,-0.8667,134.0833,77.54,77,100,4.52,overcast clouds
140,Shimoda,JP,2022-02-13 20:54:09,34.6667,138.95,36.1,90,100,20.89,moderate rain
141,Puerto Del Rosario,ES,2022-02-13 20:54:10,28.5004,-13.8627,65.95,82,20,11.5,few clouds
142,Dikson,RU,2022-02-13 20:54:10,73.5069,80.5464,-4.38,87,100,24.92,overcast clouds
143,Kanniyakumari,IN,2022-02-13 20:54:11,8.0833,77.5667,77.38,76,81,15.59,broken clouds
144,San Cristobal,VE,2022-02-13 20:54:11,7.7669,-72.225,80.78,37,96,3.2,overcast clouds
145,Victoria,HK,2022-02-13 20:52:30,22.2855,114.1577,61.25,87,100,8.99,overcast clouds
146,Aklavik,CA,2022-02-13 20:54:12,68.2191,-135.0107,-21.17,75,75,5.75,broken clouds
147,Ayr,GB,2022-02-13 20:54:12,55.4627,-4.6339,44.55,100,75,9.22,broken clouds
148,Nelson Bay,AU,2022-02-13 20:54:12,-32.7167,152.15,69.01,71,100,10.56,overcast clouds
149,Okahandja,NA,2022-02-13 20:54:13,-21.9833,16.9167,66.83,77,100,4.54,moderate rain
150,Assiniboia,CA,2022-02-13 20:54:13,49.6334,-105.9845,37.22,60,19,24.16,few clouds
151,Cairns,AU,2022-02-13 20:54:14,-16.9167,145.7667,76.06,90,64,9.22,light rain
152,Sakakah,SA,2022-02-13 20:54:14,29.9697,40.2064,51.37,28,0,4.85,clear sky
153,Chuy,UY,2022-02-13 20:51:40,-33.6971,-53.4616,70.29,43,1,13.4,clear sky
154,Andra,RU,2022-02-13 20:54:15,62.5147,65.8878,-9.96,99,99,1.97,overcast clouds
155,Muisne,EC,2022-02-13 20:54:15,0.6,-80.0333,82.51,82,100,6.38,light rain
156,Iwanai,JP,2022-02-13 20:54:16,42.9744,140.5089,26.65,91,95,5.99,overcast clouds
157,Maumere,ID,2022-02-13 20:54:16,-8.6199,122.2111,78.67,80,96,1.57,overcast clouds
158,Camacha,PT,2022-02-13 20:54:17,33.0833,-16.3333,57.96,67,20,11.5,few clouds
159,Springdale,US,2022-02-13 20:54:17,36.1867,-94.1288,48.25,36,0,12.66,clear sky
160,Gamba,GA,2022-02-13 20:54:18,-2.65,10.0,77.49,87,97,3.6,light rain
161,Vila Franca Do Campo,PT,2022-02-13 20:54:18,37.7167,-25.4333,60.19,74,6,5.73,clear sky
162,Khatanga,RU,2022-02-13 20:54:18,71.9667,102.5,-24.9,94,67,3.58,broken clouds
163,Sarahan,IN,2022-02-13 20:54:19,31.5167,77.8,30.36,48,14,10.78,few clouds
164,Kysyl-Syr,RU,2022-02-13 20:54:19,63.8986,122.7617,-27.85,100,99,0.96,overcast clouds
165,Saint-Pierre,RE,2022-02-13 20:54:20,-21.3393,55.4781,80.28,78,0,14.97,clear sky
166,Capreol,CA,2022-02-13 20:54:20,46.706,-80.9225,2.91,52,20,10.36,few clouds
167,Narsaq,GL,2022-02-13 20:48:12,60.9167,-46.05,26.82,89,100,7.07,overcast clouds
168,Walvis Bay,NA,2022-02-13 20:54:21,-22.9575,14.5053,76.15,73,5,2.3,clear sky
169,Mpanda,TZ,2022-02-13 20:54:21,-6.3655,31.0409,64.89,97,100,2.37,light rain
170,Kaitangata,NZ,2022-02-13 20:54:22,-46.2817,169.8464,57.92,73,11,2.44,few clouds
171,Torbay,CA,2022-02-13 20:54:22,47.6666,-52.7314,39.58,68,100,19.57,overcast clouds
172,Asau,RO,2022-02-13 20:54:22,46.4333,26.4,29.95,84,100,3.87,overcast clouds
173,Arraial Do Cabo,BR,2022-02-13 20:54:23,-22.9661,-42.0278,80.56,78,40,14.97,scattered clouds
174,Awjilah,LY,2022-02-13 20:54:23,29.1081,21.2869,56.16,50,53,7.38,broken clouds
175,Bredasdorp,ZA,2022-02-13 20:54:24,-34.5322,20.0403,67.32,77,95,12.66,light rain
176,Severo-Kurilsk,RU,2022-02-13 20:54:24,50.6789,156.125,21.79,69,29,11.12,scattered clouds
177,Fortuna,US,2022-02-13 20:54:24,40.5982,-124.1573,67.42,100,0,9.22,clear sky
178,Codrington,AU,2022-02-13 20:54:25,-38.2667,141.9667,62.58,82,67,6.96,broken clouds
179,Honningsvag,NO,2022-02-13 20:54:25,70.9821,25.9704,20.95,93,100,17.27,overcast clouds
180,Necochea,AR,2022-02-13 20:54:26,-38.5473,-58.7368,68.58,38,1,6.24,clear sky
181,Baillif,GP,2022-02-13 20:54:26,16.0202,-61.7463,75.63,71,5,14.47,clear sky
182,Comodoro Rivadavia,AR,2022-02-13 20:54:27,-45.8667,-67.5,78.66,38,40,21.85,scattered clouds
183,Darab,IR,2022-02-13 20:54:27,28.7519,54.5444,48.09,52,39,10.31,scattered clouds
184,Mikuni,JP,2022-02-13 20:54:27,36.2171,136.1519,39.11,68,100,25.88,overcast clouds
185,Baykit,RU,2022-02-13 20:54:28,61.67,96.37,-18.24,100,93,3.69,overcast clouds
186,Abu Dhabi,AE,2022-02-13 20:54:28,24.4667,54.3667,64.96,62,20,4.61,few clouds
187,Novovarshavka,RU,2022-02-13 20:54:29,54.1721,74.6946,-4.47,99,49,8.34,scattered clouds
188,Mtambile,TZ,2022-02-13 20:52:29,-5.3833,39.7,78.76,80,80,9.91,broken clouds
189,Pitimbu,BR,2022-02-13 20:54:29,-7.4706,-34.8086,84.79,73,6,10.69,clear sky
190,Port Hardy,CA,2022-02-13 20:54:30,50.6996,-127.4199,48.76,66,75,14.97,broken clouds
191,Pucara,PE,2022-02-13 20:54:30,-15.9803,-71.4606,42.93,73,99,11.12,moderate rain
192,Vaitape,PF,2022-02-13 20:54:31,-16.5167,-151.75,80.73,74,100,14.9,light rain
193,Porto Walter,BR,2022-02-13 20:54:31,-8.2686,-72.7439,82.33,78,92,2.86,light rain
194,Namatanai,PG,2022-02-13 20:54:31,-3.6667,152.4333,79.57,79,100,4.7,overcast clouds
195,Harper,LR,2022-02-13 20:54:32,4.375,-7.7169,78.26,84,66,6.04,broken clouds
196,Makakilo City,US,2022-02-13 20:54:32,21.3469,-158.0858,76.6,66,0,5.75,clear sky
197,Poum,NC,2022-02-13 20:54:33,-20.2333,164.0167,81.48,77,95,12.95,overcast clouds
198,Paamiut,GL,2022-02-13 20:54:33,61.994,-49.6678,12.04,94,100,18.45,light snow
199,Cabo San Lucas,MX,2022-02-13 20:54:34,22.8909,-109.9124,84.51,62,99,5.01,overcast clouds
200,Russell,US,2022-02-13 20:54:34,32.3502,-85.1999,53.06,23,0,17.27,clear sky
201,Klaksvik,FO,2022-02-13 20:54:34,62.2266,-6.589,34.72,67,100,29.97,overcast clouds
202,Richards Bay,ZA,2022-02-13 20:54:35,-28.783,32.0377,76.59,90,59,5.35,broken clouds
203,Lady Frere,ZA,2022-02-13 20:54:35,-31.7031,27.2329,65.7,99,30,4.85,scattered clouds
204,Margate,GB,2022-02-13 20:54:36,51.3813,1.3862,49.96,88,100,11.99,light rain
205,Andenes,NO,2022-02-13 20:54:36,69.3143,16.1194,30.18,80,40,26.46,scattered clouds
206,Gurupi,BR,2022-02-13 20:54:37,-11.7292,-49.0686,76.93,90,98,2.86,overcast clouds
207,Khilok,RU,2022-02-13 20:54:37,51.3674,110.4676,-22.7,100,56,2.37,broken clouds
208,Mamallapuram,IN,2022-02-13 20:54:37,12.6264,80.1722,79.05,77,25,8.81,scattered clouds
209,Souillac,MU,2022-02-13 20:47:51,-20.5167,57.5167,81.36,89,40,8.05,scattered clouds
210,Pevek,RU,2022-02-13 20:54:38,69.7008,170.3133,-17.37,98,100,9.08,overcast clouds
211,Pisco,PE,2022-02-13 20:54:39,-13.7,-76.2167,78.85,53,0,16.11,clear sky
212,Upernavik,GL,2022-02-13 20:51:36,72.7868,-56.1549,-6.74,97,100,13.49,overcast clouds
213,Sume,BR,2022-02-13 20:54:39,-7.6717,-36.88,86.27,34,90,7.76,overcast clouds
214,Acarau,BR,2022-02-13 20:50:44,-2.8856,-40.12,80.51,77,7,15.28,clear sky
215,Iqaluit,CA,2022-02-13 20:54:40,63.7506,-68.5145,-16.31,68,75,0.0,broken clouds
216,Gavle,SE,2022-02-13 20:54:40,60.6745,17.1417,45.72,88,100,7.0,overcast clouds
217,Portadown,GB,2022-02-13 20:54:40,54.4241,-6.4412,42.62,94,100,10.63,light rain
218,Bezhetsk,RU,2022-02-13 20:54:41,57.7851,36.6965,26.55,86,100,13.33,overcast clouds
219,Matola,MZ,2022-02-13 20:54:41,-25.9622,32.4589,79.52,78,20,5.75,few clouds
220,Guerrero Negro,MX,2022-02-13 20:54:42,27.9769,-114.0611,81.52,19,15,6.06,few clouds
221,Darhan,MN,2022-02-13 20:54:42,49.4867,105.9228,-12.15,98,100,2.66,overcast clouds
222,Rio Bueno,CL,2022-02-13 20:54:42,-40.3167,-72.9667,84.34,24,20,4.47,few clouds
223,La Paz,BO,2022-02-13 20:53:03,-16.5,-68.15,53.58,76,75,9.22,light rain
224,Ushtobe,KZ,2022-02-13 20:54:43,45.2514,77.9838,25.93,89,100,2.89,light snow
225,Ust-Charyshskaya Pristan,RU,2022-02-13 20:54:43,52.3934,83.6635,25.12,76,100,15.61,overcast clouds
226,Sao Filipe,CV,2022-02-13 20:54:44,14.8961,-24.4956,74.82,63,41,10.78,scattered clouds
227,Lillooet,CA,2022-02-13 20:54:44,50.6856,-121.942,43.52,82,90,1.1,overcast clouds
228,Roald,NO,2022-02-13 20:50:56,62.5833,6.1333,43.16,100,75,2.3,broken clouds
229,Morro Bay,US,2022-02-13 20:50:18,35.3658,-120.8499,85.33,59,0,3.0,clear sky
230,Arkhipo-Osipovka,RU,2022-02-13 20:54:45,44.37,38.52,36.34,69,69,14.2,broken clouds
231,Hilo,US,2022-02-13 20:51:39,19.7297,-155.09,74.25,86,4,5.01,clear sky
232,Tasiilaq,GL,2022-02-13 20:54:46,65.6145,-37.6368,14.58,70,100,10.87,overcast clouds
233,Xiantao,CN,2022-02-13 20:54:46,30.3833,113.4,39.33,84,1,2.59,clear sky
234,Lata,PT,2022-02-13 20:54:46,40.1629,-8.3327,53.82,95,63,5.5,broken clouds
235,Port-Gentil,GA,2022-02-13 20:54:47,-0.7193,8.7815,76.96,94,75,1.14,broken clouds
236,Miles City,US,2022-02-13 20:54:47,46.4083,-105.8406,52.52,30,100,19.15,overcast clouds
237,Kunszentmarton,HU,2022-02-13 20:54:48,46.8392,20.2888,31.98,96,8,6.08,clear sky
238,Kamenka,RU,2022-02-13 20:54:48,51.3223,42.7678,12.56,95,13,7.92,few clouds
239,Kaeo,NZ,2022-02-13 20:54:48,-35.1,173.7833,64.33,89,86,5.37,overcast clouds
240,Kingaroy,AU,2022-02-13 20:54:49,-26.5333,151.8333,62.64,100,100,8.05,overcast clouds
241,Teahupoo,PF,2022-02-13 20:54:49,-17.8333,-149.2667,80.56,76,91,17.18,light rain
242,Ahipara,NZ,2022-02-13 20:54:50,-35.1667,173.1667,65.93,65,86,9.37,overcast clouds
243,Boende,CD,2022-02-13 20:54:50,-0.2167,20.8667,79.5,66,97,2.01,overcast clouds
244,Malanje,AO,2022-02-13 20:54:50,-9.5402,16.341,64.56,94,100,4.99,light rain
245,Sulangan,PH,2022-02-13 20:54:51,11.1373,123.7228,79.05,82,100,10.83,overcast clouds
246,Beisfjord,NO,2022-02-13 20:54:51,68.3751,17.5988,27.97,96,100,8.48,snow
247,Svetlogorsk,BY,2022-02-13 20:54:52,52.6333,29.7333,28.11,82,36,11.12,scattered clouds
248,Bubaque,GW,2022-02-13 20:54:52,11.2833,-15.8333,78.3,71,3,13.98,clear sky
249,Romanovo,RU,2022-02-13 20:54:53,52.6182,81.2271,21.65,91,100,17.74,overcast clouds
250,Kupang,ID,2022-02-13 20:54:53,-10.1667,123.5833,76.8,85,61,4.29,broken clouds
251,Gikongoro,RW,2022-02-13 20:54:54,-2.464,29.5739,56.59,89,100,4.94,overcast clouds
252,Nanakuli,US,2022-02-13 20:51:55,21.3906,-158.1547,78.75,64,20,5.75,few clouds
253,Yarkovo,RU,2022-02-13 20:54:54,57.4028,67.0786,-8.21,100,70,1.01,broken clouds
254,Georgetown,MY,2022-02-13 20:54:55,5.4112,100.3354,79.9,91,40,3.44,scattered clouds
255,Mecca,SA,2022-02-13 20:54:55,21.4267,39.8261,75.29,33,0,5.7,clear sky
256,Laguna,US,2022-02-13 20:54:56,38.421,-121.4238,80.44,39,20,1.99,few clouds
257,Vila Velha,BR,2022-02-13 20:54:56,-20.3297,-40.2925,82.35,86,75,13.8,broken clouds
258,Calama,CL,2022-02-13 20:54:56,-22.4667,-68.9333,75.69,16,0,26.46,clear sky
259,Santa Flavia,IT,2022-02-13 20:54:57,38.085,13.5351,52.63,73,28,3.0,scattered clouds
260,Oyama,JP,2022-02-13 20:54:57,36.3,139.8,35.04,70,100,6.35,snow
261,Pljevlja,ME,2022-02-13 20:54:57,43.3333,19.3333,32.56,97,89,3.15,overcast clouds
262,Sarkand,KZ,2022-02-13 20:54:58,45.41,79.9186,26.02,79,100,4.23,overcast clouds
263,Tigil,RU,2022-02-13 20:54:58,57.8,158.6667,-9.98,98,100,3.04,overcast clouds
264,Half Moon Bay,US,2022-02-13 20:54:59,37.4636,-122.4286,79.61,51,2,2.71,clear sky
265,Jining,CN,2022-02-13 20:54:59,35.405,116.5814,37.96,74,95,8.93,overcast clouds
266,Villa De Reyes,MX,2022-02-13 20:55:00,21.8,-100.9333,60.73,42,44,11.72,scattered clouds
267,Sovetskiy,RU,2022-02-13 20:55:00,61.3614,63.5842,-11.38,100,87,2.51,overcast clouds
268,Okakarara,NA,2022-02-13 20:55:00,-20.5833,17.4333,67.84,85,100,1.59,light rain
269,Portobelo,PA,2022-02-13 20:55:01,9.55,-79.65,90.61,78,52,11.95,broken clouds
270,Faanui,PF,2022-02-13 20:55:01,-16.4833,-151.75,80.71,74,100,14.92,light rain
271,Murgab,TM,2022-02-13 20:55:02,37.4966,61.9714,40.87,65,3,0.0,clear sky
272,Lubango,AO,2022-02-13 20:55:02,-14.9172,13.4925,58.77,75,71,2.91,broken clouds
273,Meulaboh,ID,2022-02-13 20:51:37,4.1363,96.1285,76.28,89,92,5.35,overcast clouds
274,Tuatapere,NZ,2022-02-13 20:50:09,-46.1333,167.6833,54.82,67,11,3.11,few clouds
275,Primorsk,UA,2022-02-13 20:55:03,46.7348,36.3443,34.03,67,0,8.48,clear sky
276,Baghdad,IQ,2022-02-13 20:55:03,33.3406,44.4009,51.71,43,0,8.05,clear sky
277,Rawa Mazowiecka,PL,2022-02-13 20:55:04,51.7644,20.2549,36.01,54,3,13.8,clear sky
278,Egvekinot,RU,2022-02-13 20:55:04,66.3167,-179.1667,-19.5,92,85,7.43,overcast clouds
279,San Vicente,AR,2022-02-13 20:55:04,-26.6167,-54.1333,86.5,36,69,5.06,broken clouds
280,Chicama,PE,2022-02-13 20:53:38,-7.8447,-79.1469,72.14,55,68,11.25,broken clouds
281,Karratha,AU,2022-02-13 20:55:05,-20.7377,116.8463,84.69,60,80,7.34,broken clouds
282,Goderich,CA,2022-02-13 20:55:05,43.7501,-81.7165,16.92,73,100,4.61,overcast clouds
283,Zhigansk,RU,2022-02-13 20:55:06,66.7697,123.3711,-36.94,100,58,2.17,broken clouds
284,Sawakin,SD,2022-02-13 20:55:06,19.1059,37.3321,72.57,53,24,10.02,few clouds
285,Maniitsoq,GL,2022-02-13 20:55:07,65.4167,-52.9,2.32,87,100,12.97,overcast clouds
286,Calabozo,VE,2022-02-13 20:55:07,8.9242,-67.4293,95.07,25,75,7.16,broken clouds
287,Wamba,NG,2022-02-13 20:55:07,8.9333,8.6,78.69,14,7,4.92,clear sky
288,Matay,EG,2022-02-13 20:55:08,28.419,30.7792,56.43,66,4,16.98,clear sky
289,Camopi,GF,2022-02-13 20:55:08,3.1655,-52.3158,75.58,97,100,3.74,overcast clouds
290,Damietta,EG,2022-02-13 20:55:09,31.4165,31.8133,57.09,72,0,9.64,clear sky
291,Axim,GH,2022-02-13 20:51:38,4.8699,-2.2405,78.84,87,11,5.5,light rain
292,Mabaruma,GY,2022-02-13 20:55:09,8.2,-59.7833,75.96,87,84,6.58,broken clouds
293,Grand Gaube,MU,2022-02-13 20:55:10,-20.0064,57.6608,81.37,79,89,4.0,overcast clouds
294,Badvel,IN,2022-02-13 20:55:10,14.75,79.05,67.6,96,6,4.54,clear sky
295,Erenhot,CN,2022-02-13 20:55:11,43.6475,111.9767,-7.37,94,10,3.87,clear sky
296,Lompoc,US,2022-02-13 20:55:11,34.6391,-120.4579,86.22,32,0,6.91,clear sky
297,Port Blair,IN,2022-02-13 20:55:11,11.6667,92.75,73.44,78,20,2.3,mist
298,Qaqortoq,GL,2022-02-13 20:50:59,60.7167,-46.0333,23.99,88,100,7.76,overcast clouds
299,Bam,IR,2022-02-13 20:55:12,29.106,58.357,52.07,52,100,7.29,overcast clouds
300,Collie,AU,2022-02-13 20:55:12,-33.3667,116.15,57.97,73,0,7.78,clear sky
301,Jimo,CN,2022-02-13 20:55:13,36.3897,120.4622,37.18,87,100,6.71,light rain
302,Soyo,AO,2022-02-13 20:55:13,-6.1349,12.3689,78.93,87,97,6.64,overcast clouds
303,Barra Patuca,HN,2022-02-13 20:55:14,15.8,-84.2833,79.93,76,15,7.02,few clouds
304,Aksarka,RU,2022-02-13 20:55:14,66.5606,67.7975,-12.24,99,100,2.33,overcast clouds
305,Munster,DE,2022-02-13 20:55:01,51.9624,7.6257,49.48,67,0,11.5,clear sky
306,Ixtapa,MX,2022-02-13 20:55:15,20.7,-105.2,89.47,25,100,7.09,overcast clouds
307,Selikhino,RU,2022-02-13 20:55:15,50.3672,137.4996,3.67,99,98,4.74,overcast clouds
308,Ouadda,CF,2022-02-13 20:51:36,8.0777,22.4007,77.95,13,78,8.16,broken clouds
309,Hailar,CN,2022-02-13 20:55:16,49.2,119.7,-31.23,100,97,1.21,overcast clouds
310,Touros,BR,2022-02-13 20:53:12,-5.1989,-35.4608,85.1,75,9,11.5,clear sky
311,Bonavista,CA,2022-02-13 20:55:16,48.6499,-53.1147,40.12,75,100,16.67,overcast clouds
312,Saint-Michel-Des-Saints,CA,2022-02-13 20:55:17,46.6834,-73.9159,0.93,76,48,4.7,scattered clouds
313,Linqiong,CN,2022-02-13 20:55:17,30.4159,103.4609,49.82,77,97,2.24,overcast clouds
314,Carnarvon,AU,2022-02-13 20:54:52,-24.8667,113.6333,75.27,88,3,3.44,clear sky
315,Havre-Saint-Pierre,CA,2022-02-13 20:55:18,50.2334,-63.5986,5.0,60,0,10.36,clear sky
316,Cidreira,BR,2022-02-13 20:55:18,-30.1811,-50.2056,69.94,91,100,4.12,overcast clouds
317,Coro,VE,2022-02-13 20:55:19,11.4045,-69.6734,83.17,63,55,23.38,broken clouds
318,Mundo Nuevo,MX,2022-02-13 20:55:19,18.7,-95.5,65.44,75,99,35.61,overcast clouds
319,El Carmen,CO,2022-02-13 20:55:19,8.5106,-73.4478,83.84,45,86,3.78,overcast clouds
320,Norrtalje,SE,2022-02-13 20:55:20,59.758,18.705,39.43,86,100,12.91,overcast clouds
321,Nanortalik,GL,2022-02-13 20:55:20,60.1432,-45.2371,28.65,79,100,8.68,overcast clouds
322,Nemuro,JP,2022-02-13 20:55:21,43.3236,145.575,26.78,86,100,10.65,overcast clouds
323,Emerald,AU,2022-02-13 20:55:21,-23.5333,148.1667,69.94,83,0,5.75,clear sky
324,Katherine,AU,2022-02-13 20:55:21,-14.4667,132.2667,75.52,88,69,2.3,broken clouds
325,Zhuhai,CN,2022-02-13 20:51:49,22.2769,113.5678,60.98,88,40,17.27,scattered clouds
326,Biak,ID,2022-02-13 20:55:22,-0.9131,122.8766,75.16,85,100,6.15,overcast clouds
327,Veinticinco De Mayo,AR,2022-02-13 20:55:22,-35.4323,-60.1727,78.06,41,0,8.01,clear sky
328,College,US,2022-02-13 20:55:23,64.8569,-147.8028,14.79,81,100,0.0,light snow
329,Oranjemund,NA,2022-02-13 20:55:23,-28.55,16.4333,66.11,84,0,10.87,clear sky
330,Gumdag,TM,2022-02-13 20:55:24,39.2061,54.5906,43.41,64,65,3.8,broken clouds
331,Pacific Grove,US,2022-02-13 20:53:29,36.6177,-121.9166,84.61,53,0,4.61,clear sky
332,Jingdezhen,CN,2022-02-13 20:55:24,29.2947,117.2079,43.21,95,96,2.06,overcast clouds
333,Luba,GQ,2022-02-13 20:55:25,3.4568,8.5547,81.3,78,100,8.79,overcast clouds
334,Kushiro,JP,2022-02-13 20:55:25,42.975,144.3747,19.49,94,93,5.46,overcast clouds
335,Bereda,ES,2022-02-13 20:55:25,43.2686,-7.5406,48.92,100,94,7.43,overcast clouds
336,Beruwala,LK,2022-02-13 20:55:26,6.4788,79.9828,74.82,87,100,4.79,overcast clouds
337,Borovoy,RU,2022-02-13 20:55:26,55.4333,86.0833,18.68,93,100,11.18,snow
338,Naze,JP,2022-02-13 20:55:26,28.3667,129.4833,57.87,89,100,20.47,moderate rain
339,Sinnamary,GF,2022-02-13 20:55:27,5.3833,-52.95,77.76,88,62,10.07,broken clouds
340,Belmonte,BR,2022-02-13 20:55:27,-15.8631,-38.8828,82.4,87,100,8.21,overcast clouds
341,Kongolo,CD,2022-02-13 20:55:28,-5.3833,27.0,70.16,97,100,2.84,overcast clouds
342,Mbuyapey,PY,2022-02-13 20:55:28,-26.2,-56.75,90.12,34,40,8.12,scattered clouds
343,Evensk,RU,2022-02-13 20:55:29,61.95,159.2333,-5.24,73,28,9.04,scattered clouds
344,Nhulunbuy,AU,2022-02-13 20:55:14,-12.2333,136.7667,77.61,88,6,4.61,clear sky
345,Ca Mau,VN,2022-02-13 20:54:05,9.1769,105.15,77.13,85,16,7.16,few clouds
346,Orillia,CA,2022-02-13 20:55:29,44.6087,-79.4207,12.09,54,100,5.75,overcast clouds
347,Yumen,CN,2022-02-13 20:55:30,40.2833,97.2,27.01,42,100,13.15,overcast clouds
348,Camana,PE,2022-02-13 20:55:30,-16.6228,-72.7111,74.77,71,12,8.75,few clouds
349,Newport,GB,2022-02-13 20:55:31,51.5877,-2.9984,49.24,90,100,12.57,overcast clouds
350,Tilichiki,RU,2022-02-13 20:55:31,60.4667,166.1,-19.46,93,7,10.27,clear sky
351,Atbasar,KZ,2022-02-13 20:55:31,51.8,68.3333,1.78,98,100,4.9,overcast clouds
352,Cabedelo,BR,2022-02-13 20:51:38,-6.9811,-34.8339,84.87,75,12,10.92,few clouds
353,Batagay-Alyta,RU,2022-02-13 20:55:32,67.8006,130.4114,-8.27,82,100,3.58,overcast clouds
354,Lexington,US,2022-02-13 20:52:59,37.9887,-84.4777,35.15,42,0,5.75,clear sky
355,Pangnirtung,CA,2022-02-13 20:55:32,66.1451,-65.7125,-25.6,75,20,0.0,few clouds
356,Jurado,CO,2022-02-13 20:55:33,7.1053,-77.7641,81.77,78,100,3.71,light rain
357,Itarema,BR,2022-02-13 20:55:33,-2.9248,-39.9167,80.26,77,8,14.05,clear sky
358,Wattegama,LK,2022-02-13 20:55:34,6.7989,81.4808,70.65,91,99,3.91,overcast clouds
359,Muroto,JP,2022-02-13 20:55:34,33.2833,134.15,48.83,69,100,17.18,moderate rain
360,Gijon,ES,2022-02-13 20:55:34,43.5357,-5.6615,52.84,78,100,15.99,overcast clouds
361,Beyneu,KZ,2022-02-13 20:55:35,45.3167,55.2,31.33,70,100,20.07,overcast clouds
362,Koumac,NC,2022-02-13 20:55:35,-20.5667,164.2833,79.9,80,99,4.99,overcast clouds
363,Tyristrand,NO,2022-02-13 20:55:36,60.0837,10.0966,42.04,97,100,3.33,light rain
364,Dicabisagan,PH,2022-02-13 20:55:36,17.0818,122.4157,75.24,88,95,6.13,overcast clouds
365,Carutapera,BR,2022-02-13 20:55:36,-1.195,-46.02,77.54,90,100,6.35,overcast clouds
366,Tchibanga,GA,2022-02-13 20:55:37,-2.85,11.0333,72.12,97,100,1.9,light rain
367,Qandala,SO,2022-02-13 20:52:16,11.472,49.8728,74.14,59,28,3.78,scattered clouds
368,Burns Lake,CA,2022-02-13 20:55:37,54.2331,-125.7533,31.42,87,100,1.14,overcast clouds
369,Ancud,CL,2022-02-13 20:55:38,-41.8697,-73.8203,80.22,73,17,5.48,few clouds
370,Geraldton,AU,2022-02-13 20:55:38,-28.7667,114.6,73.81,83,100,1.14,overcast clouds
371,Balykshi,KZ,2022-02-13 20:55:38,47.0667,51.8667,28.4,86,75,13.42,mist
372,Shubarshi,KZ,2022-02-13 20:55:39,48.5872,57.1869,13.26,96,86,13.53,overcast clouds
373,Los Llanos De Aridane,ES,2022-02-13 20:55:39,28.6585,-17.9182,61.12,66,20,8.05,few clouds
374,Waipawa,NZ,2022-02-13 20:55:40,-41.4122,175.5153,55.45,81,100,12.33,overcast clouds
375,Kirillov,RU,2022-02-13 20:55:40,59.863,38.3813,30.13,89,100,10.67,overcast clouds
376,Majene,ID,2022-02-13 20:55:40,-3.5403,118.9707,75.63,85,100,3.0,overcast clouds
377,Santa Marta,CO,2022-02-13 20:55:41,11.2408,-74.199,93.25,56,20,13.8,few clouds
378,Caravelas,BR,2022-02-13 20:55:41,-17.7125,-39.2481,77.74,81,80,6.58,broken clouds
379,Samarai,PG,2022-02-13 20:55:41,-10.6167,150.6667,80.71,74,36,5.61,scattered clouds
380,Leh,IN,2022-02-13 20:55:42,34.1667,77.5833,3.06,86,85,1.74,overcast clouds
381,Smidovich,RU,2022-02-13 20:55:42,48.6,133.8167,4.87,97,100,3.06,overcast clouds
382,Husavik,IS,2022-02-13 20:55:43,66.0449,-17.3389,-2.29,79,65,14.0,broken clouds
383,Atar,MR,2022-02-13 20:55:43,20.5169,-13.0499,70.38,19,100,9.35,overcast clouds
384,San Bartolome De Tirajana,ES,2022-02-13 20:55:43,27.9248,-15.5733,55.31,76,20,12.66,few clouds
385,Sur,OM,2022-02-13 20:55:44,22.5667,59.5289,72.0,68,0,8.72,clear sky
386,Ahuimanu,US,2022-02-13 20:55:44,21.4447,-157.8378,77.77,68,20,12.66,few clouds
387,Chapais,CA,2022-02-13 20:55:45,49.7834,-74.8492,-7.82,80,100,2.44,overcast clouds
388,San Borja,BO,2022-02-13 20:55:45,-14.8167,-66.85,79.14,72,98,3.98,overcast clouds
389,Havelock,US,2022-02-13 20:55:45,34.8791,-76.9013,46.38,88,100,1.99,light rain
390,Leeton,AU,2022-02-13 20:55:46,-34.5667,146.4,69.71,63,42,5.75,scattered clouds
391,Nayoro,JP,2022-02-13 20:55:46,44.3506,142.4578,9.82,98,89,3.44,overcast clouds
392,Kaohsiung,TW,2022-02-13 20:55:47,22.6163,120.3133,64.35,84,75,11.5,broken clouds
393,Huilong,CN,2022-02-13 20:55:47,31.8111,121.655,42.98,84,0,9.35,clear sky
394,Srednekolymsk,RU,2022-02-13 20:55:47,67.45,153.6833,-33.84,99,19,6.08,few clouds
395,Barcelona,ES,2022-02-13 20:52:46,41.3888,2.159,56.77,84,20,13.8,few clouds
396,Tura,IN,2022-02-13 20:55:48,25.5198,90.2201,54.05,70,0,4.63,clear sky
397,Manaure,CO,2022-02-13 20:55:48,11.7751,-72.4445,93.31,43,12,19.89,few clouds
398,Eregli,TR,2022-02-13 20:55:49,37.5133,34.0467,25.79,76,96,2.98,overcast clouds
399,Esmeraldas,BR,2022-02-13 20:55:49,-19.7625,-44.3139,80.71,86,30,1.99,scattered clouds
400,Fort Nelson,CA,2022-02-13 20:55:50,58.8053,-122.7002,2.79,72,75,3.44,broken clouds
401,Vardo,NO,2022-02-13 20:55:50,70.3705,31.1107,26.58,63,75,25.32,light shower snow
402,Baruun-Urt,MN,2022-02-13 20:55:50,46.6806,113.2792,-17.77,99,72,2.19,broken clouds
403,Grafton,US,2022-02-13 20:53:40,42.207,-71.6856,29.82,78,100,5.75,snow
404,Boa Vista,BR,2022-02-13 20:55:51,2.8197,-60.6733,91.38,40,40,16.11,scattered clouds
405,Asosa,ET,2022-02-13 20:55:51,10.0667,34.5333,70.32,25,52,4.88,broken clouds
406,Sao Jose Da Coroa Grande,BR,2022-02-13 20:55:52,-8.8978,-35.1478,81.23,74,6,13.89,clear sky
407,Suntar,RU,2022-02-13 20:55:52,62.1444,117.6319,-16.46,100,100,1.3,overcast clouds
408,Teya,RU,2022-02-13 20:55:53,60.3778,92.6267,-18.24,100,17,3.49,few clouds
409,Volgorechensk,RU,2022-02-13 20:55:53,57.4393,41.1555,29.89,97,100,9.82,snow
410,Berdigestyakh,RU,2022-02-13 20:55:53,62.0989,126.6992,-30.06,100,100,1.28,overcast clouds
411,Aksu,CN,2022-02-13 20:55:54,41.1231,80.2644,28.67,40,10,5.17,clear sky
412,Xining,CN,2022-02-13 20:55:54,36.6167,101.7667,9.73,75,11,2.21,few clouds
413,Terme,TR,2022-02-13 20:55:55,41.2092,36.9739,42.39,80,100,4.34,overcast clouds
414,Alamos,MX,2022-02-13 20:55:55,27.0167,-108.9333,90.21,5,100,4.14,overcast clouds
415,Sarangani,PH,2022-02-13 20:55:56,5.4033,125.4636,81.21,75,100,17.38,overcast clouds
416,Tonj,SS,2022-02-13 20:55:56,7.2737,28.6822,82.65,17,25,4.94,scattered clouds
417,Hermosillo,MX,2022-02-13 20:55:56,29.0667,-110.9667,90.68,9,36,5.01,scattered clouds
418,Nueva Loja,EC,2022-02-13 20:55:57,0.0847,-76.8828,87.28,69,40,9.22,scattered clouds
419,Dudinka,RU,2022-02-13 20:55:57,69.4058,86.1778,-15.0,88,14,6.93,few clouds
420,Witu,KE,2022-02-13 20:55:58,-2.3889,40.4382,78.96,90,35,6.22,scattered clouds
421,Ola,RU,2022-02-13 20:55:58,59.5833,151.2833,-7.47,79,70,10.16,broken clouds
422,Camalu,MX,2022-02-13 20:55:58,30.85,-116.0667,76.93,21,5,8.12,clear sky
423,Dubbo,AU,2022-02-13 20:55:59,-32.25,148.6167,62.73,77,100,11.5,overcast clouds
424,Bilibino,RU,2022-02-13 20:55:59,68.0546,166.4372,-32.62,100,87,2.46,overcast clouds
425,Beringovskiy,RU,2022-02-13 20:56:00,63.05,179.3167,-26.91,97,16,6.96,few clouds
426,Nome,US,2022-02-13 20:56:00,64.5011,-165.4064,-13.85,71,5,4.18,clear sky
427,Igrim,RU,2022-02-13 20:56:01,63.1906,64.4162,-17.81,100,91,2.15,overcast clouds
428,Yar-Sale,RU,2022-02-13 20:56:01,66.8333,70.8333,-14.57,96,100,8.79,overcast clouds
429,Xucheng,CN,2022-02-13 20:56:01,20.35,110.1288,61.5,85,99,10.31,overcast clouds
430,Fairbanks,US,2022-02-13 20:56:02,64.8378,-147.7164,14.81,81,100,0.0,light snow
431,Chapada Dos Guimaraes,BR,2022-02-13 20:56:02,-15.4606,-55.7497,67.66,91,100,0.54,heavy intensity rain
432,Boden,SE,2022-02-13 20:56:03,65.8252,21.6886,19.4,93,100,8.03,overcast clouds
433,Kaspiyskiy,RU,2022-02-13 20:56:03,45.3929,47.3707,32.5,60,3,7.72,clear sky
434,Nioro,GM,2022-02-13 20:56:03,13.35,-15.75,81.75,10,42,7.76,scattered clouds
435,Batesville,US,2022-02-13 20:53:31,35.7698,-91.641,52.95,26,0,8.05,clear sky
436,Pandan,PH,2022-02-13 20:56:04,14.0453,124.1694,75.78,86,47,9.31,scattered clouds
437,Clearwater,US,2022-02-13 20:56:04,27.9659,-82.8001,73.36,77,0,17.0,clear sky
438,Zyryanka,RU,2022-02-13 20:56:05,65.75,150.85,-33.11,95,25,6.98,scattered clouds
439,Pangkalanbuun,ID,2022-02-13 20:56:05,-2.6833,111.6167,74.53,96,100,2.1,overcast clouds
440,Kargasok,RU,2022-02-13 20:56:06,59.0556,80.8572,5.7,94,100,14.38,light snow
441,Mogadishu,SO,2022-02-13 20:56:06,2.0371,45.3438,77.16,82,100,17.9,overcast clouds
442,Wanning,CN,2022-02-13 20:56:06,18.8003,110.3967,68.88,91,100,11.32,overcast clouds
443,Byron Bay,AU,2022-02-13 20:56:07,-28.65,153.6167,72.05,86,75,4.7,broken clouds
444,Lavrentiya,RU,2022-02-13 20:56:07,65.5833,-171.0,-21.57,93,28,2.66,scattered clouds
445,Yilan,TW,2022-02-13 20:56:08,24.757,121.753,60.82,95,100,5.48,light rain
446,Christchurch,NZ,2022-02-13 20:56:08,-43.5333,172.6333,57.0,85,75,8.05,broken clouds
447,Roma,US,2022-02-13 20:54:06,43.2128,-75.4557,21.96,63,100,10.0,overcast clouds
448,Constitucion,CL,2022-02-13 20:51:38,-35.3333,-72.4167,66.94,72,55,8.5,broken clouds
449,Muros,ES,2022-02-13 20:56:09,42.7762,-9.0603,53.24,71,11,19.33,few clouds
450,Blackwater,AU,2022-02-13 20:56:10,-23.5833,148.8833,70.38,72,0,11.23,clear sky
451,Camocim,BR,2022-02-13 20:56:10,-2.9022,-40.8411,81.01,78,13,16.28,few clouds
452,Phibun Mangsahan,TH,2022-02-13 20:56:10,15.2447,105.2291,75.18,77,100,8.95,overcast clouds
453,Hervey Bay,AU,2022-02-13 20:56:11,-25.2986,152.8535,70.03,77,14,18.66,few clouds
454,Cienaga,CO,2022-02-13 20:56:11,11.007,-74.2476,93.33,46,20,13.8,few clouds
455,Hobyo,SO,2022-02-13 20:56:12,5.3505,48.5268,77.14,75,86,15.48,overcast clouds
456,Monrovia,LR,2022-02-13 20:56:12,6.3005,-10.7969,80.37,83,72,6.46,broken clouds
457,Stephenville,US,2022-02-13 20:56:12,32.2207,-98.2023,64.92,20,0,6.91,clear sky
458,Zharkent,KZ,2022-02-13 20:56:13,44.1628,80.0,26.69,77,100,0.27,overcast clouds
459,Labuhan,ID,2022-02-13 20:56:13,-6.8844,112.2051,75.7,92,100,4.85,overcast clouds
460,Ishinomaki,JP,2022-02-13 20:56:14,38.4167,141.3,33.8,73,100,9.89,overcast clouds
461,Japura,ID,2022-02-13 20:56:14,-0.3167,102.35,73.11,98,100,0.51,overcast clouds
462,Okhotsk,RU,2022-02-13 20:56:14,59.3833,143.3,-14.58,79,1,11.3,clear sky
463,Istok,XK,2022-02-13 20:56:15,42.7808,20.4875,42.15,96,100,1.39,overcast clouds
464,Zuenoula,CI,2022-02-13 20:56:15,7.4292,-6.0431,78.93,66,54,6.6,broken clouds
465,Coaldale,CA,2022-02-13 20:56:16,49.7167,-112.6185,49.19,36,75,8.05,broken clouds
466,Petropavlovsk-Kamchatskiy,RU,2022-02-13 20:56:16,53.0452,158.6483,12.79,62,75,8.95,broken clouds
467,Zirc,HU,2022-02-13 20:56:16,47.2636,17.8737,31.59,87,5,5.88,clear sky
468,Tadine,NC,2022-02-13 20:56:17,-21.55,167.8833,81.1,81,99,7.61,overcast clouds
469,Salinopolis,BR,2022-02-13 20:56:17,-0.6136,-47.3561,78.62,86,100,8.43,overcast clouds
470,Kudahuvadhoo,MV,2022-02-13 20:56:18,2.6708,72.8944,81.16,79,100,10.83,overcast clouds
471,Sadiqabad,PK,2022-02-13 20:56:18,28.3062,70.1307,61.14,27,0,9.91,clear sky
472,Kodinsk,RU,2022-02-13 20:56:19,58.6881,99.1844,-21.03,100,57,2.93,broken clouds
473,Bathsheba,BB,2022-02-13 20:56:19,13.2167,-59.5167,84.81,61,75,17.27,broken clouds
474,Coihaique,CL,2022-02-13 20:52:01,-45.5752,-72.0662,81.21,34,0,6.91,clear sky
475,Tezu,IN,2022-02-13 20:56:20,27.9167,96.1667,53.01,44,0,4.88,clear sky
476,Alyangula,AU,2022-02-13 20:56:20,-13.8483,136.4192,73.27,100,28,2.3,scattered clouds
477,Kabanjahe,ID,2022-02-13 20:56:20,3.1001,98.4908,61.41,96,100,1.72,moderate rain
478,Olavarria,AR,2022-02-13 20:56:21,-36.8927,-60.3225,79.02,42,1,10.38,clear sky
479,Kenai,US,2022-02-13 20:54:48,60.5544,-151.2583,31.03,97,100,0.0,overcast clouds
480,Latung,PH,2022-02-13 20:56:21,5.5,120.8833,81.72,75,100,9.26,overcast clouds
481,Gannan,CN,2022-02-13 20:56:22,47.9147,123.5031,-7.22,93,54,6.11,broken clouds
482,Kirkwall,GB,2022-02-13 20:56:22,58.9848,-2.9587,39.25,93,75,0.0,broken clouds
483,Kiunga,PG,2022-02-13 20:56:22,-6.1219,141.2906,72.99,96,100,1.88,overcast clouds
484,Akyab,MM,2022-02-13 20:56:23,20.15,92.9,63.64,57,67,6.62,broken clouds
485,Pemba,MZ,2022-02-13 20:56:23,-12.974,40.5178,77.7,83,20,3.44,thunderstorm
486,Ust-Kuyga,RU,2022-02-13 20:56:24,70.0167,135.6,-12.05,90,100,6.8,overcast clouds
487,Neiafu,TO,2022-02-13 20:56:24,-18.65,-173.9833,83.08,78,40,8.05,scattered clouds
488,Urumqi,CN,2022-02-13 20:56:24,43.801,87.6005,11.35,79,0,4.47,clear sky
489,Kula,TR,2022-02-13 20:56:25,38.5473,28.6498,36.18,94,19,4.0,few clouds
490,Kununurra,AU,2022-02-13 20:56:25,-15.7667,128.7333,76.98,78,3,6.91,clear sky
491,Matagami,CA,2022-02-13 20:56:26,49.7502,-77.6328,-2.09,55,0,0.0,clear sky
492,Vao,NC,2022-02-13 20:56:26,-22.6667,167.4833,79.7,85,100,7.63,overcast clouds
493,Timra,SE,2022-02-13 20:56:26,62.487,17.3257,31.68,93,9,2.3,clear sky
494,Ratnagiri,IN,2022-02-13 20:56:27,16.9833,73.3,72.28,63,4,8.97,clear sky
495,Alice Springs,AU,2022-02-13 20:56:27,-23.7,133.8833,62.15,67,0,5.75,clear sky
496,Benguela,AO,2022-02-13 20:56:28,-12.5763,13.4055,76.73,82,84,1.61,broken clouds
497,Miri,MY,2022-02-13 20:56:28,4.4148,114.0089,77.14,94,40,0.0,scattered clouds
498,Dalbandin,PK,2022-02-13 20:56:29,28.8947,64.4101,55.42,44,50,8.95,scattered clouds
499,Port Lincoln,AU,2022-02-13 20:56:29,-34.7333,135.8667,66.34,83,95,10.07,overcast clouds
500,El Fuerte,MX,2022-02-13 20:56:29,26.4189,-108.6194,92.01,5,100,6.17,overcast clouds
501,Hamilton,US,2022-02-13 20:56:21,39.1834,-84.5333,30.99,57,80,7.0,broken clouds
502,Anzio,IT,2022-02-13 20:56:30,41.4853,12.6179,52.5,91,96,7.07,overcast clouds
503,College Place,US,2022-02-13 20:56:31,46.0493,-118.3883,56.55,54,0,1.01,clear sky
504,Madimba,TZ,2022-02-13 20:56:31,-10.4,40.3333,78.06,90,61,4.88,broken clouds
505,Golspie,GB,2022-02-13 20:56:31,57.9727,-3.978,42.15,93,100,5.73,overcast clouds
506,Alghero,IT,2022-02-13 20:56:32,40.5589,8.3181,49.98,87,0,1.14,clear sky
507,Paramonga,PE,2022-02-13 20:56:32,-10.6667,-77.8333,75.15,73,4,12.24,clear sky
508,Cozumel,MX,2022-02-13 20:54:06,20.5083,-86.9458,80.94,71,38,10.0,scattered clouds
509,Erzin,TR,2022-02-13 20:56:33,36.9559,36.2,41.52,76,67,2.46,broken clouds
510,Coulommiers,FR,2022-02-13 20:56:33,48.8145,3.085,55.18,71,98,1.99,overcast clouds
511,Georgiyevskoye,RU,2022-02-13 20:56:34,58.731,45.024,1.11,100,98,2.98,overcast clouds
512,Peniche,PT,2022-02-13 20:56:34,39.3558,-9.3811,58.62,92,7,17.22,clear sky
513,Harrison,US,2022-02-13 20:56:34,30.4091,-89.0436,56.3,24,0,12.75,clear sky
514,Saryozek,KZ,2022-02-13 20:56:35,44.3583,77.9753,24.12,79,100,4.12,overcast clouds
515,San Juan,AR,2022-02-13 20:56:35,-31.5375,-68.5364,86.67,22,2,4.63,clear sky
516,Segezha,RU,2022-02-13 20:56:36,63.7415,34.3222,28.71,95,100,15.21,light snow
517,Carbonia,IT,2022-02-13 20:56:36,39.1672,8.5222,52.0,88,6,3.24,clear sky
518,Sambava,MG,2022-02-13 20:56:37,-14.2667,50.1667,76.33,86,47,3.8,moderate rain
519,Marrakesh,MA,2022-02-13 20:52:14,31.6315,-8.0083,60.87,27,0,2.3,clear sky
520,Kualakapuas,ID,2022-02-13 20:56:37,-3.0091,114.3876,75.36,93,100,0.94,overcast clouds
521,Adrar,MR,2022-02-13 20:56:38,20.5022,-10.0711,64.99,20,64,10.54,broken clouds
522,Rameswaram,IN,2022-02-13 20:56:38,9.2833,79.3,79.48,72,66,16.13,broken clouds
523,Kedougou,SN,2022-02-13 20:56:39,12.5579,-12.1743,80.46,12,1,3.74,clear sky
524,Arlit,NE,2022-02-13 20:56:39,18.7369,7.3853,71.22,11,0,8.75,clear sky
525,Kutum,SD,2022-02-13 20:56:39,14.2,24.6667,63.43,15,7,10.02,clear sky
526,Ulladulla,AU,2022-02-13 20:56:40,-35.35,150.4667,66.87,72,100,6.91,overcast clouds
527,Deputatskiy,RU,2022-02-13 20:56:40,69.3,139.9,-21.86,97,78,6.73,broken clouds
528,Olinda,BR,2022-02-13 20:56:41,-8.0089,-34.8553,83.93,70,75,8.05,broken clouds
529,Lanzhou,CN,2022-02-13 20:56:41,36.0564,103.7922,24.08,79,14,1.86,few clouds
530,Mahenge,TZ,2022-02-13 20:56:41,-8.6833,36.7167,64.36,95,100,3.18,moderate rain
531,Northam,GB,2022-02-13 20:56:42,51.0333,-4.2167,48.02,91,100,22.48,overcast clouds
532,Gerash,IR,2022-02-13 20:56:42,27.6652,54.1371,50.14,58,52,6.13,broken clouds
533,Brae,GB,2022-02-13 20:56:43,60.3964,-1.353,37.31,87,100,12.75,overcast clouds
534,Ismailia,EG,2022-02-13 20:56:43,30.6043,32.2723,55.72,72,1,7.16,clear sky
535,Linares,CL,2022-02-13 20:56:43,-35.85,-71.6,88.72,21,16,15.23,few clouds
536,Canico,PT,2022-02-13 20:56:44,32.6333,-16.85,64.06,74,40,9.22,scattered clouds
537,Tha Chang,TH,2022-02-13 20:56:44,9.2642,99.1922,75.79,89,74,2.08,broken clouds
538,Virginia Beach,US,2022-02-13 20:52:56,36.8529,-75.978,42.03,76,100,5.01,light rain
539,La Union,PE,2022-02-13 20:56:45,-5.4,-80.75,84.04,49,76,17.74,broken clouds
540,Mattru,SL,2022-02-13 20:56:45,7.6244,-11.8332,77.29,83,25,3.76,scattered clouds
541,Sao Geraldo Do Araguaia,BR,2022-02-13 20:53:13,-6.4006,-48.555,75.96,96,92,2.51,light rain
542,Kanchanaburi,TH,2022-02-13 20:56:46,14.6333,99.1,75.16,84,61,2.64,broken clouds
543,Iranshahr,IR,2022-02-13 20:56:46,27.2025,60.6848,62.94,48,0,4.61,clear sky
544,Naples,IT,2022-02-13 20:52:06,40.8333,14.25,53.74,82,0,3.44,clear sky
545,Komsomolskiy,UZ,2022-02-13 20:56:47,40.4272,71.7189,35.02,84,100,1.54,overcast clouds
546,Orlik,RU,2022-02-13 20:56:47,52.5178,99.825,-19.93,97,100,2.62,overcast clouds
547,Makarska,HR,2022-02-13 20:56:48,43.2969,17.0178,46.54,60,22,1.83,few clouds
548,Liyang,CN,2022-02-13 20:56:48,29.7057,118.2862,42.37,96,100,0.87,overcast clouds
549,Pokrovsk,UA,2022-02-13 20:56:48,48.282,37.1758,26.2,86,4,1.79,clear sky
550,Lazaro Cardenas,MX,2022-02-13 20:56:49,17.9583,-102.2,84.99,45,76,7.99,broken clouds
551,Portree,GB,2022-02-13 20:56:49,57.4129,-6.1942,42.85,95,100,9.37,overcast clouds
552,Joao Monlevade,BR,2022-02-13 20:56:50,-19.81,-43.1736,70.63,94,23,2.08,few clouds
553,Komarikhinskiy,RU,2022-02-13 20:56:50,58.0979,57.1163,18.59,100,98,2.93,overcast clouds
554,Daru,PG,2022-02-13 20:56:50,-9.0763,143.2092,79.2,80,38,10.13,scattered clouds
555,San Isidro,PE,2022-02-13 20:56:51,-12.1167,-77.05,76.59,57,0,13.8,clear sky
556,Tapes,BR,2022-02-13 20:53:51,-30.6733,-51.3958,74.48,71,34,12.1,scattered clouds
557,Bangsund,NO,2022-02-13 20:56:51,64.3968,11.3949,34.92,80,75,4.61,broken clouds
558,Gweta,BW,2022-02-13 20:56:52,-20.1833,25.2333,80.31,33,71,2.33,broken clouds
559,Alta Floresta,BR,2022-02-13 20:56:52,-9.8756,-56.0861,84.02,70,75,5.75,broken clouds
560,Truro,GB,2022-02-13 20:55:18,50.2653,-5.0544,49.28,81,75,19.57,broken clouds
561,Prikubanskiy,RU,2022-02-13 20:56:53,45.0015,41.1795,29.12,69,0,7.23,clear sky
562,Nicolas Bravo,MX,2022-02-13 20:56:53,18.45,-88.9167,73.53,90,88,5.32,overcast clouds
563,Nola,IT,2022-02-13 20:56:53,40.922,14.5329,53.55,99,67,1.28,broken clouds
564,Road Town,VG,2022-02-13 20:56:54,18.4167,-64.6167,78.84,83,40,10.36,scattered clouds
565,Khudumelapye,BW,2022-02-13 20:56:54,-23.8833,24.75,73.0,31,33,7.34,scattered clouds
566,Dolores,AR,2022-02-13 20:56:55,-36.3132,-57.6792,79.03,24,4,14.23,clear sky
567,Bonthe,SL,2022-02-13 20:56:55,7.5264,-12.505,78.51,86,39,8.03,scattered clouds
568,Ushibuka,JP,2022-02-13 20:56:55,32.1906,130.0228,49.62,75,100,11.52,moderate rain
569,Bjornevatn,NO,2022-02-13 20:56:56,69.6672,29.9847,20.82,92,100,16.11,snow
570,Kalianget,ID,2022-02-13 20:56:56,-7.05,113.9333,76.42,83,99,7.85,overcast clouds
571,Dawson,US,2022-02-13 20:56:57,31.7735,-84.4466,57.58,24,11,18.41,few clouds
572,Amapa,BR,2022-02-13 20:56:57,1.0,-52.0,76.1,97,87,3.31,heavy intensity rain
573,Yuncheng,CN,2022-02-13 20:56:57,35.0231,110.9928,35.64,81,9,4.7,clear sky
574,La Ronge,CA,2022-02-13 20:56:58,55.1001,-105.2842,8.85,66,0,10.36,clear sky
575,Totness,SR,2022-02-13 20:56:58,5.8833,-56.3167,79.09,80,70,11.18,broken clouds
576,Chinu,CO,2022-02-13 20:56:59,9.1057,-75.3981,92.01,45,53,9.75,broken clouds
577,Lasa,IT,2022-02-13 20:56:59,46.6166,10.7002,27.36,64,0,2.06,clear sky
578,Mayakonda,IN,2022-02-13 20:56:59,14.2833,76.0833,68.68,42,0,3.87,clear sky
579,Bandarbeyla,SO,2022-02-13 20:57:00,9.4942,50.8122,74.84,66,20,16.53,few clouds
580,Catania,IT,2022-02-13 20:57:00,37.5021,15.0872,55.33,84,40,2.3,scattered clouds
581,Rio Gallegos,AR,2022-02-13 20:57:01,-51.6226,-69.2181,59.05,20,20,49.48,few clouds
582,Galle,LK,2022-02-13 20:57:01,6.0367,80.217,73.9,86,100,8.48,overcast clouds
583,Dwarka,IN,2022-02-13 20:57:02,22.2394,68.9678,69.76,61,0,9.71,clear sky
584,Novouzensk,RU,2022-02-13 20:56:58,50.4592,48.1431,14.95,96,21,10.16,few clouds
585,Sadove,UA,2022-02-13 20:57:02,46.2487,30.1795,26.56,71,96,5.64,overcast clouds
586,Orchard Homes,US,2022-02-13 20:57:03,46.8633,-114.0484,49.28,44,6,1.16,clear sky
587,Sola,VU,2022-02-13 20:57:03,-13.8833,167.55,82.18,77,100,18.75,overcast clouds
588,Katete,UG,2022-02-13 20:57:03,-0.7818,29.7544,70.03,52,91,2.57,overcast clouds
589,Springfield,US,2022-02-13 20:54:14,37.2153,-93.2982,44.62,41,0,8.01,clear sky
590,Tuy Hoa,VN,2022-02-13 20:57:04,13.0833,109.3,73.53,93,90,4.54,overcast clouds
591,Beloha,MG,2022-02-13 20:57:04,-25.1667,45.05,75.42,87,21,13.04,few clouds
592,Saint-Georges,GD,2022-02-13 20:57:05,12.0564,-61.7485,79.23,69,24,14.76,few clouds
593,General Roca,AR,2022-02-13 20:57:05,-39.0333,-67.5833,91.8,9,45,8.23,scattered clouds
594,Mandalgovi,MN,2022-02-13 20:57:06,45.7625,106.2708,-6.63,82,56,7.9,broken clouds
595,Tabory,RU,2022-02-13 20:57:06,58.5198,64.5495,-6.14,100,88,2.82,overcast clouds
596,Sao Joao Da Barra,BR,2022-02-13 20:57:07,-21.6403,-41.0511,80.69,87,8,11.21,clear sky
597,Faranah,GN,2022-02-13 20:57:07,10.0404,-10.7434,78.85,14,26,4.72,scattered clouds
598,Ikungi,TZ,2022-02-13 20:57:07,-5.1333,34.7667,60.82,92,100,0.67,light rain
599,Fershampenuaz,RU,2022-02-13 20:57:08,53.5202,59.8117,14.11,95,100,5.91,overcast clouds
600,Cayenne,GF,2022-02-13 20:57:08,4.9333,-52.3333,80.1,87,75,11.5,mist
601,Kirovsk,UA,2022-02-13 20:57:08,48.6375,38.6428,23.56,94,5,3.38,clear sky
602,Turka,UA,2022-02-13 20:57:06,49.1541,23.0297,29.93,85,9,7.2,clear sky
603,Bundaberg,AU,2022-02-13 20:55:00,-24.85,152.35,70.21,90,9,6.91,clear sky
604,Viedma,AR,2022-02-13 20:53:39,-40.8135,-62.9967,91.81,14,0,8.08,clear sky
605,Castelo Do Piaui,BR,2022-02-13 20:57:10,-5.3222,-41.5525,82.44,55,98,2.82,overcast clouds
606,Surok,RU,2022-02-13 20:57:10,56.4469,48.1214,5.68,99,57,3.2,broken clouds
607,Kulhudhuffushi,MV,2022-02-13 20:57:11,6.6221,73.07,79.7,79,100,7.56,overcast clouds
608,Ambilobe,MG,2022-02-13 20:57:11,-13.2,49.05,73.27,93,78,2.1,broken clouds
609,Judenburg,AT,2022-02-13 20:57:12,47.1667,14.6667,28.22,90,7,3.13,clear sky
610,Hengshui,CN,2022-02-13 20:57:12,37.7322,115.7011,21.78,96,71,6.04,broken clouds
611,Novosergiyevka,RU,2022-02-13 20:57:13,52.0934,53.6528,19.11,95,100,10.04,light snow
612,Lakes Entrance,AU,2022-02-13 20:57:13,-37.8811,147.981,75.16,66,99,3.91,overcast clouds
613,Horsham,GB,2022-02-13 20:57:13,51.064,-0.3272,50.56,90,75,19.57,moderate rain
614,Aquin,HT,2022-02-13 20:57:14,18.2833,-73.4,80.96,62,16,6.87,few clouds
615,Macapa,BR,2022-02-13 20:57:14,0.0389,-51.0664,87.78,70,75,5.75,moderate rain
616,Bilozerka,UA,2022-02-13 20:57:15,46.6248,32.4425,32.25,61,17,5.79,few clouds
617,Providencia,MX,2022-02-13 20:57:15,28.7167,-111.5833,93.85,12,61,9.57,broken clouds
618,Kiruna,SE,2022-02-13 20:57:15,67.8557,20.2251,-8.48,77,78,5.75,broken clouds
619,Solnechnyy,RU,2022-02-13 20:57:16,50.7214,136.6319,7.52,95,100,4.68,overcast clouds
620,Zambezi,ZM,2022-02-13 20:57:16,-13.5432,23.1047,65.79,91,87,1.03,overcast clouds
621,Pajarito,CO,2022-02-13 20:57:17,5.2929,-72.7028,83.62,46,88,5.12,overcast clouds
622,Nizhnyaya Tavda,RU,2022-02-13 20:57:17,57.6731,66.1725,-6.54,100,92,2.35,overcast clouds
623,North Bend,US,2022-02-13 20:57:18,43.4065,-124.2243,52.86,93,20,8.05,few clouds
624,Kenora,CA,2022-02-13 20:57:18,49.8167,-94.4337,-2.81,56,100,10.0,overcast clouds
625,Merauke,ID,2022-02-13 20:57:18,-8.4667,140.3333,77.7,84,41,8.52,scattered clouds
626,Hereford,GB,2022-02-13 20:57:19,52.0568,-2.7148,50.34,92,100,8.03,overcast clouds
627,Ellisras,ZA,2022-02-13 20:57:19,-23.6649,27.7443,71.91,38,5,5.93,clear sky
628,Bay Roberts,CA,2022-02-13 20:57:20,47.5999,-53.2648,40.33,66,74,8.01,broken clouds
629,Kermanshah,IR,2022-02-13 20:53:21,34.3142,47.065,34.7,75,0,6.91,clear sky
630,Dukhovnitskoye,RU,2022-02-13 20:57:20,52.4828,48.2137,24.85,89,21,12.41,few clouds
631,Mocuba,MZ,2022-02-13 20:57:21,-16.8392,36.9856,72.52,98,92,0.67,light rain
632,Vestmannaeyjar,IS,2022-02-13 20:57:21,63.4427,-20.2734,33.67,74,99,29.01,overcast clouds
633,Stepnoye,RU,2022-02-13 20:57:21,51.4,46.8667,24.89,91,92,10.2,overcast clouds
634,Whitehorse,CA,2022-02-13 20:57:22,60.7161,-135.0538,27.1,76,75,3.44,broken clouds
635,Mareeba,AU,2022-02-13 20:57:22,-17.0,145.4333,71.44,89,12,2.37,few clouds
636,Rabat,MA,2022-02-13 20:52:32,33.9911,-6.8401,59.16,95,18,0.0,few clouds
637,Davila,PH,2022-02-13 20:57:23,18.4726,120.5763,77.65,76,27,1.66,scattered clouds
638,Kloulklubed,PW,2022-02-13 20:57:23,7.0419,134.2556,80.89,82,100,21.54,moderate rain
639,Dingle,PH,2022-02-13 20:57:24,10.9995,122.6711,74.05,94,94,6.58,overcast clouds
640,Svetlyy,RU,2022-02-13 20:57:24,54.675,20.1347,35.65,73,100,16.87,overcast clouds
641,Khani,GE,2022-02-13 20:57:24,41.9563,42.9566,31.57,85,81,6.53,broken clouds
642,Aberdeen,GB,2022-02-13 20:54:06,57.1437,-2.0981,42.49,95,100,8.05,moderate rain
643,Payo,ID,2022-02-13 20:57:25,-3.7508,103.6372,72.1,97,97,1.9,overcast clouds
644,Kiama,AU,2022-02-13 20:57:25,-34.6833,150.8667,70.57,77,100,1.99,overcast clouds
645,Usolye,RU,2022-02-13 20:57:26,59.4268,56.6808,12.22,100,90,2.86,overcast clouds
646,Platanos,GR,2022-02-13 20:57:26,37.6667,21.6167,53.08,85,8,3.89,clear sky
647,Cap-Aux-Meules,CA,2022-02-13 20:57:27,47.3821,-61.8597,15.85,73,75,16.11,broken clouds
648,Hambantota,LK,2022-02-13 20:57:27,6.1241,81.1185,76.01,81,100,11.21,overcast clouds
649,Kisanga,TZ,2022-02-13 20:57:27,-7.4362,37.7034,74.64,96,99,3.2,moderate rain
650,Kruisfontein,ZA,2022-02-13 20:57:28,-34.0033,24.7314,65.19,88,23,7.27,few clouds
651,Ruma,RS,2022-02-13 20:57:28,45.0081,19.8222,39.02,77,21,6.6,few clouds
652,Sistranda,NO,2022-02-13 20:57:29,63.7256,8.834,34.9,71,100,24.02,light snow
653,Kelvington,CA,2022-02-13 20:57:29,52.1667,-103.5343,17.26,90,100,14.72,overcast clouds
654,Mahanoro,MG,2022-02-13 20:57:29,-19.9,48.8,76.32,89,39,5.37,light rain
655,Bossier City,US,2022-02-13 20:55:00,32.516,-93.7321,58.19,23,0,12.66,clear sky
656,Bowen,AU,2022-02-13 20:57:30,-20.0167,148.2333,71.82,63,28,18.01,scattered clouds
657,Waingapu,ID,2022-02-13 20:57:30,-9.6567,120.2641,77.49,86,73,4.68,broken clouds
658,Miraflores,MX,2022-02-13 20:57:31,19.2167,-98.8083,66.87,44,74,3.09,broken clouds
659,Partenit,UA,2022-02-13 20:57:31,44.578,34.3446,35.96,74,100,13.11,overcast clouds
660,Feijo,BR,2022-02-13 20:57:32,-8.1642,-70.3536,76.55,96,100,2.01,overcast clouds
661,Malindi,KE,2022-02-13 20:57:32,-3.2175,40.1191,76.93,85,88,10.63,overcast clouds
662,Auki,SB,2022-02-13 20:57:33,-8.7676,160.7034,77.09,88,100,4.9,light rain
663,Durusu,TR,2022-02-13 20:57:33,41.3053,28.6767,43.84,88,100,17.0,overcast clouds
664,Mount Gambier,AU,2022-02-13 20:57:33,-37.8333,140.7667,60.71,88,100,12.66,overcast clouds
665,San Carlos De Bariloche,AR,2022-02-13 20:57:34,-41.1456,-71.3082,85.75,13,0,25.32,clear sky
666,Shenjiamen,CN,2022-02-13 20:57:34,29.9576,122.298,43.61,78,81,16.06,broken clouds
667,Kirakira,SB,2022-02-13 20:57:35,-10.4544,161.9205,79.84,84,98,9.66,light rain
668,Belaya Gora,RU,2022-02-13 20:57:35,68.5333,146.4167,-19.68,95,92,5.68,overcast clouds
669,Gongzhuling,CN,2022-02-13 20:57:35,43.5008,124.8198,8.44,78,100,12.01,overcast clouds
670,Maxixe,MZ,2022-02-13 20:55:07,-23.8597,35.3472,75.67,87,1,7.4,clear sky
671,Gaogou,CN,2022-02-13 20:57:36,34.0175,119.1886,37.38,77,12,4.14,few clouds
672,Rjukan,NO,2022-02-13 20:54:56,59.8789,8.5941,39.65,98,100,2.19,light rain
